Frame,Object Name,X1,Y1,X2,Y2
0,person,47,141,478,849
0,remote,258,395,307,458
0,chair,-2,352,466,851
0,chair,230,603,477,851
1,person,47,142,478,849
1,remote,255,394,305,457
1,chair,-2,350,463,851
1,chair,229,604,478,851
1,cup,338,335,389,391
2,person,47,142,478,849
2,remote,255,394,305,457
2,chair,-2,350,464,851
2,chair,229,605,478,851
2,cup,338,335,390,389
3,person,46,143,477,849
3,remote,253,394,304,456
3,chair,-2,350,451,851
3,chair,228,610,477,851
3,cup,338,337,389,388
4,person,46,143,478,849
4,remote,252,394,304,455
4,chair,-2,350,440,851
4,remote,338,338,387,390
5,person,45,145,477,849
5,remote,250,395,302,456
5,chair,-1,351,448,851
5,cup,337,340,387,387
5,chair,225,613,476,851
6,person,44,147,478,849
6,remote,250,396,301,457
6,chair,-1,355,376,851
6,cup,336,342,386,385
7,person,42,149,478,850
7,remote,247,399,300,459
7,remote,334,345,385,385
7,chair,0,357,427,850
8,person,39,150,478,851
8,remote,245,401,296,459
8,remote,332,346,384,387
8,chair,-2,358,365,851
9,person,37,152,478,850
9,remote,244,402,294,462
9,remote,331,348,381,390
9,chair,-1,358,363,851
10,person,35,153,479,851
10,remote,243,403,293,464
10,chair,-1,360,362,851
10,remote,329,349,379,393
11,person,33,154,479,851
11,remote,242,404,292,466
11,chair,-1,361,360,851
11,remote,328,352,377,394
12,person,33,155,480,850
12,remote,241,405,291,466
12,remote,327,353,376,396
12,chair,0,361,421,850
13,person,32,156,480,850
13,remote,240,407,289,468
13,remote,326,354,376,398
13,chair,-1,362,355,851
13,chair,210,665,478,851
14,person,31,159,480,849
14,remote,239,408,289,468
14,remote,326,355,375,398
14,chair,0,363,472,850
14,hair drier,185,209,334,268
15,person,30,158,481,850
15,remote,238,408,288,470
15,chair,0,363,474,850
15,remote,324,357,374,401
15,hair drier,186,210,333,269
15,chair,209,638,477,851
15,hair drier,236,210,333,269
16,person,29,162,480,850
16,remote,238,410,286,470
16,chair,0,364,474,850
16,hair drier,186,212,333,271
16,chair,208,642,478,851
16,remote,324,359,374,404
17,person,28,163,480,849
17,remote,237,412,285,471
17,chair,206,634,478,851
17,chair,0,365,474,850
17,remote,323,360,373,408
18,person,27,163,480,850
18,remote,236,413,284,475
18,chair,205,633,478,851
18,remote,323,362,372,406
18,chair,0,365,474,851
18,hair drier,185,216,332,275
19,person,27,165,479,850
19,remote,235,415,284,476
19,chair,204,633,478,851
19,chair,0,365,475,851
19,remote,322,364,372,409
19,hair drier,207,217,331,275
20,person,25,167,479,850
20,remote,233,416,282,477
20,remote,321,365,371,411
20,chair,0,366,475,851
20,chair,202,636,477,851
20,cup,321,365,371,411
21,person,24,169,479,850
21,remote,232,418,281,478
21,remote,321,367,370,412
21,chair,0,367,476,851
21,chair,201,639,478,851
22,person,23,170,478,850
22,remote,231,418,280,480
22,remote,320,368,369,414
22,chair,0,366,477,851
23,person,24,171,479,851
23,remote,231,421,279,481
23,remote,320,370,369,415
23,chair,0,367,477,851
24,person,23,173,478,850
24,remote,231,422,279,482
24,remote,320,371,369,416
24,hair drier,181,223,328,280
24,chair,0,368,477,851
25,person,22,174,478,851
25,remote,231,422,279,482
25,remote,319,373,368,418
25,chair,0,368,477,850
26,person,24,176,478,851
26,remote,230,422,279,483
26,remote,319,374,368,419
26,chair,0,369,476,851
27,person,21,177,477,851
27,remote,229,421,278,481
27,remote,319,375,367,419
27,chair,0,369,475,851
28,person,20,178,477,851
28,remote,228,420,277,480
28,remote,318,377,367,422
28,chair,0,375,474,851
29,person,18,179,477,851
29,remote,228,418,276,478
29,remote,319,379,367,424
29,chair,0,375,474,851
30,person,19,180,476,851
30,remote,226,416,276,476
30,remote,319,381,367,427
30,chair,0,375,474,851
31,person,18,181,476,851
31,remote,225,414,275,471
31,remote,321,385,369,430
31,chair,0,376,473,851
32,person,17,183,476,851
32,remote,223,411,273,470
32,cup,321,387,370,435
32,chair,0,376,474,851
33,person,17,183,476,851
33,remote,222,409,273,469
33,remote,323,391,371,439
33,chair,0,377,474,851
34,person,17,183,476,851
34,remote,222,407,273,466
34,chair,0,377,473,851
34,remote,325,395,372,443
34,cup,325,395,372,444
35,person,17,184,476,851
35,remote,222,405,273,463
35,remote,327,398,374,447
35,chair,0,378,473,851
36,person,19,184,476,851
36,remote,222,403,273,461
36,cup,328,402,375,451
36,chair,0,378,473,851
37,person,21,184,477,851
37,remote,223,402,274,460
37,cup,329,404,377,454
37,chair,0,379,473,851
38,person,24,184,477,851
38,remote,225,401,278,457
38,chair,0,379,474,851
38,remote,330,406,378,456
39,person,27,184,477,851
39,remote,227,400,279,456
39,chair,0,376,475,851
39,remote,331,407,378,457
40,person,30,185,477,851
40,remote,228,399,281,455
40,chair,0,380,475,851
40,cup,331,407,380,460
41,person,32,185,477,851
41,remote,229,398,282,454
41,cup,333,407,381,460
41,chair,0,377,475,851
42,person,33,185,478,851
42,remote,230,398,283,453
42,cup,334,406,382,459
42,chair,0,377,475,851
43,person,34,185,478,851
43,remote,230,399,283,454
43,cup,334,404,382,457
43,chair,0,377,475,851
44,person,34,185,478,851
44,remote,229,400,283,455
44,cup,334,403,382,456
44,chair,0,382,474,851
45,person,34,185,478,851
45,remote,229,401,282,456
45,cup,334,402,383,454
45,chair,0,378,475,851
46,person,33,185,477,851
46,remote,229,403,281,457
46,chair,0,382,474,851
46,cup,333,401,383,454
47,person,33,185,477,851
47,remote,229,404,280,460
47,chair,0,382,474,851
47,cup,333,400,383,452
48,person,32,186,478,851
48,remote,228,406,280,462
48,chair,0,383,474,851
48,cup,334,401,383,453
48,chair,204,645,475,851
49,person,32,186,478,851
49,remote,228,407,280,463
49,cup,334,402,384,455
49,chair,0,383,473,851
49,chair,204,648,475,851
50,person,32,187,478,851
50,remote,228,407,280,465
50,chair,0,382,473,851
50,cup,335,403,385,457
50,chair,203,646,475,851
51,person,32,189,478,851
51,remote,228,409,281,467
51,chair,0,382,473,851
51,remote,336,406,386,459
51,chair,203,652,475,851
52,person,32,184,478,851
52,remote,227,412,281,468
52,cup,339,409,387,465
52,chair,0,381,473,851
52,chair,205,653,476,851
53,person,33,180,478,851
53,remote,229,414,282,470
53,chair,0,381,473,851
53,remote,339,412,388,468
53,chair,206,654,476,851
54,person,33,175,478,851
54,remote,230,416,283,471
54,remote,340,412,388,468
54,chair,0,381,473,851
54,chair,207,649,475,851
55,person,33,170,478,851
55,remote,230,417,283,473
55,remote,339,412,388,468
55,chair,208,647,475,851
55,chair,0,375,475,851
56,person,33,170,478,850
56,remote,230,416,283,473
56,chair,208,645,476,851
56,cup,339,410,388,467
56,chair,0,381,474,851
57,person,32,170,477,851
57,remote,229,415,282,471
57,chair,208,645,475,851
57,chair,0,374,475,851
57,cup,338,408,386,462
58,person,31,169,478,851
58,remote,227,413,280,469
58,chair,207,642,475,851
58,chair,0,375,475,851
58,cup,337,406,384,459
59,person,30,168,478,851
59,remote,224,412,278,466
59,chair,207,643,475,851
59,cup,334,404,383,459
59,chair,0,374,475,851
60,person,30,168,478,851
60,remote,222,410,276,464
60,chair,0,381,474,851
60,chair,209,641,475,851
60,cup,332,403,381,457
61,person,28,168,478,850
61,remote,220,409,274,462
61,chair,209,641,475,851
61,remote,330,403,380,458
61,chair,0,380,474,851
62,person,28,168,478,850
62,remote,220,408,272,460
62,chair,208,643,475,851
62,chair,0,375,475,851
63,person,27,168,478,850
63,remote,218,407,271,459
63,chair,0,375,475,851
63,chair,207,644,475,851
63,remote,328,404,377,458
64,person,28,168,478,850
64,remote,217,407,270,458
64,chair,0,380,474,851
64,chair,209,647,475,851
65,person,28,168,478,850
65,remote,216,405,270,457
65,chair,0,379,474,851
65,chair,209,649,476,851
66,person,28,168,478,850
66,remote,216,405,269,456
66,chair,0,380,474,851
66,chair,209,649,476,851
67,person,29,168,478,851
67,remote,216,404,269,456
67,chair,0,379,474,851
67,chair,207,649,475,851
68,person,30,167,478,851
68,remote,216,403,269,453
68,chair,0,378,473,851
68,chair,206,649,475,851
69,person,31,167,478,851
69,remote,216,402,269,452
69,chair,0,378,474,851
69,remote,330,408,378,463
69,chair,204,647,476,851
70,person,32,168,478,851
70,remote,215,401,268,452
70,chair,0,378,474,851
70,chair,202,647,475,851
71,person,32,168,478,851
71,remote,215,400,268,451
71,chair,0,378,474,851
71,chair,202,647,475,851
71,remote,330,404,378,458
72,person,33,168,478,851
72,remote,215,400,268,451
72,chair,0,378,474,851
72,chair,204,646,475,851
73,person,34,170,478,851
73,remote,215,401,268,451
73,chair,0,380,474,851
73,chair,203,648,476,851
74,person,32,170,478,850
74,remote,214,403,267,451
74,chair,0,380,474,851
74,chair,204,646,475,851
74,cup,332,406,380,459
75,person,32,174,477,851
75,cup,334,409,381,461
75,remote,213,404,266,451
75,chair,0,382,473,851
76,person,30,178,477,851
76,cup,335,411,382,463
76,remote,211,404,265,452
76,chair,0,378,473,851
77,person,27,178,477,851
77,remote,207,400,264,449
77,cup,335,411,381,465
77,chair,0,374,472,851
77,bowl,334,411,381,464
78,person,24,179,477,851
78,cup,334,412,380,465
78,remote,203,398,260,447
78,chair,0,376,473,851
79,person,23,180,477,851
79,remote,200,396,258,443
79,chair,0,388,472,852
79,cup,334,412,379,466
80,person,23,180,477,851
80,chair,0,386,369,851
80,cup,333,412,379,466
80,remote,199,393,256,441
81,person,22,181,474,851
81,cup,333,412,379,466
81,chair,0,385,470,851
81,remote,197,390,255,436
82,person,22,181,475,851
82,cup,333,411,379,464
82,chair,0,384,471,851
82,remote,194,388,253,434
83,person,23,183,475,851
83,cup,332,409,379,462
83,remote,192,387,253,432
83,chair,0,385,470,851
84,person,24,184,473,851
84,remote,191,385,252,430
84,chair,0,384,466,851
84,cup,330,406,378,460
85,person,25,185,472,851
85,remote,191,385,253,429
85,chair,0,384,468,851
85,cup,330,403,377,456
86,person,26,187,470,851
86,cup,328,402,377,453
86,chair,0,384,464,851
86,remote,192,386,254,430
87,person,29,190,469,851
87,remote,194,386,256,430
87,cup,327,399,375,451
87,chair,0,385,461,851
88,person,32,194,469,851
88,remote,198,386,258,431
88,chair,0,384,458,851
89,person,36,198,470,851
89,remote,199,387,260,431
89,chair,0,387,463,851
90,person,38,200,470,851
90,remote,201,387,261,433
90,chair,0,387,455,851
90,cup,323,398,371,447
91,person,42,201,472,851
91,remote,202,388,262,434
91,cup,323,401,371,450
91,chair,0,389,442,851
92,person,43,202,470,851
92,remote,203,390,264,435
92,cup,323,404,370,454
92,chair,0,390,447,851
93,person,45,203,470,851
93,remote,204,391,265,438
93,cup,324,408,371,457
93,chair,0,390,440,851
94,person,46,204,469,851
94,remote,206,393,266,440
94,chair,0,390,448,851
94,remote,325,412,373,461
95,person,46,205,467,851
95,remote,208,395,267,443
95,chair,0,389,447,851
96,person,46,206,456,851
96,remote,209,396,268,445
96,chair,0,389,454,850
96,remote,330,419,375,469
96,couch,0,392,454,852
97,person,46,207,465,851
97,remote,211,397,270,446
97,chair,0,389,451,851
97,remote,331,421,377,471
98,person,46,208,458,851
98,remote,213,399,272,449
98,chair,0,387,450,851
98,remote,332,423,377,474
99,person,47,209,463,851
99,remote,215,400,274,450
99,chair,-1,390,443,851
99,remote,333,424,377,474
100,person,47,209,460,851
100,remote,217,401,275,452
100,chair,0,388,447,851
100,remote,334,423,378,474
101,person,49,209,460,851
101,remote,220,401,278,452
101,remote,334,422,378,472
101,chair,0,388,446,851
102,person,52,210,459,851
102,remote,222,401,280,453
102,remote,334,421,378,470
102,chair,-2,389,449,851
103,person,54,212,455,851
103,remote,333,418,377,467
103,remote,224,400,282,453
103,chair,-1,388,445,851
104,person,58,214,451,851
104,remote,226,400,284,453
104,remote,331,415,376,464
104,chair,-1,387,445,851
105,person,59,218,455,851
105,remote,228,400,285,453
105,remote,329,412,373,461
105,chair,-1,386,442,851
106,person,59,223,453,851
106,remote,230,401,286,454
106,remote,325,410,369,457
106,chair,-1,387,435,851
107,person,59,227,450,851
107,remote,230,403,287,454
107,remote,321,408,366,455
107,chair,-2,387,436,851
107,hair drier,216,259,352,373
107,chair,0,387,301,851
108,person,58,231,448,851
108,remote,231,405,287,455
108,chair,-1,383,433,851
108,remote,318,408,364,455
109,person,57,235,448,851
109,remote,232,408,289,459
109,remote,318,408,362,455
109,chair,-1,381,432,851
110,person,56,239,445,851
110,remote,234,410,290,464
110,remote,317,410,362,457
110,chair,-1,377,423,851
110,chair,-1,378,291,851
111,person,54,245,443,851
111,remote,235,413,289,467
111,remote,318,411,361,459
111,chair,-1,376,425,851
111,chair,-1,378,295,851
112,person,52,250,441,851
112,remote,236,415,290,467
112,remote,317,412,361,460
112,remote,243,272,354,404
112,chair,-1,372,410,851
112,hair drier,243,272,353,405
113,person,51,253,440,851
113,remote,237,417,295,468
113,remote,318,414,360,462
113,hair drier,249,275,353,408
113,chair,0,368,296,851
114,person,49,256,437,851
114,remote,237,419,292,469
114,remote,318,415,361,462
114,hair drier,252,274,353,412
114,chair,-1,373,418,851
114,chair,0,369,293,851
115,person,50,259,433,851
115,remote,238,420,290,471
115,hair drier,254,278,353,416
115,remote,319,415,362,461
115,chair,0,367,301,851
116,person,52,262,431,850
116,remote,240,420,292,472
116,remote,320,414,361,461
116,hair drier,256,273,354,417
116,chair,-1,370,410,851
116,chair,0,367,274,851
117,person,53,265,430,851
117,remote,242,421,292,473
117,hair drier,260,276,355,418
117,chair,-1,370,424,851
117,remote,319,414,362,461
118,person,56,267,428,851
118,remote,244,421,294,473
118,hair drier,262,278,362,460
118,chair,0,366,310,851
119,person,59,268,428,851
119,remote,246,421,296,474
119,chair,0,368,312,850
119,hair drier,265,276,362,457
120,person,62,270,429,850
120,remote,248,421,299,473
120,chair,-1,368,313,850
120,hair drier,266,279,362,458
121,person,62,269,427,850
121,remote,250,421,299,473
121,chair,-1,366,316,851
121,hair drier,267,279,361,457
122,person,63,271,424,850
122,remote,251,422,300,475
122,chair,-1,365,318,851
122,hair drier,267,278,360,456
123,person,65,276,422,850
123,remote,252,424,301,477
123,chair,-1,365,317,851
123,hair drier,269,280,357,455
124,person,64,279,421,850
124,remote,252,425,301,478
124,chair,-1,370,318,851
124,hair drier,271,281,358,459
125,person,61,285,419,850
125,chair,-1,368,316,851
125,remote,252,427,300,481
125,remote,274,291,356,459
126,person,60,289,418,850
126,chair,-1,370,316,851
126,remote,250,431,298,485
127,person,60,296,417,850
127,chair,-1,370,316,851
127,remote,248,434,295,487
127,hair drier,281,297,343,440
128,person,58,300,417,850
128,chair,-1,370,315,851
128,remote,247,437,293,488
128,remote,297,400,351,465
128,chair,409,454,478,747
129,person,58,305,415,850
129,chair,-1,370,317,851
129,remote,246,440,292,490
129,remote,297,406,350,469
130,person,59,311,414,849
130,chair,-1,370,318,851
130,remote,245,443,291,500
130,remote,295,313,339,445
130,remote,297,410,348,471
131,person,58,316,413,850
131,chair,0,371,320,851
131,remote,246,445,291,501
132,person,61,323,414,849
132,remote,246,448,291,500
132,chair,0,371,322,851
132,remote,303,324,346,462
133,person,63,326,414,849
133,remote,247,451,293,500
133,chair,0,368,319,851
134,person,66,328,415,850
134,remote,249,454,294,508
134,chair,0,368,322,851
135,person,69,332,416,849
135,remote,252,457,296,508
135,chair,0,368,327,851
136,person,71,335,418,849
136,remote,254,459,299,509
136,chair,0,368,329,851
137,person,75,336,418,849
137,remote,256,461,300,509
137,chair,0,368,329,851
138,person,78,337,419,849
138,chair,0,368,332,851
138,remote,257,463,301,512
139,person,79,338,419,849
139,chair,0,368,333,851
140,person,79,341,419,849
140,remote,258,466,301,516
140,chair,0,369,333,851
141,person,80,342,419,849
141,chair,0,369,332,851
141,remote,257,469,300,518
142,person,79,344,419,850
142,remote,256,471,299,522
142,chair,0,370,332,851
143,person,79,345,419,850
143,chair,0,370,330,851
143,remote,255,474,298,526
144,person,78,347,419,849
144,chair,0,371,331,851
144,remote,256,476,298,528
145,person,80,348,420,850
145,chair,0,372,331,851
145,remote,256,479,297,529
146,person,81,348,420,850
146,chair,0,372,332,851
146,couch,0,369,428,850
147,person,81,349,421,850
147,chair,0,372,332,851
148,person,81,349,424,850
148,chair,0,372,332,851
149,person,82,348,424,850
149,remote,255,486,295,538
149,chair,0,372,332,851
150,person,82,347,427,850
150,chair,0,371,331,851
150,remote,256,486,296,539
151,person,83,348,428,850
151,remote,258,487,297,541
151,chair,0,372,332,851
151,couch,-1,373,405,851
152,person,83,347,431,850
152,remote,257,488,297,542
152,chair,0,372,333,851
152,remote,354,381,383,513
153,person,83,349,432,850
153,remote,257,489,298,545
153,chair,0,372,345,851
154,person,81,347,431,850
154,remote,260,489,298,545
154,chair,0,371,357,851
154,couch,-1,374,423,851
155,person,79,348,433,850
155,remote,259,491,298,550
155,couch,0,375,425,851
155,chair,0,372,383,851
156,person,79,350,436,850
156,remote,258,492,299,550
156,chair,0,372,370,851
157,person,76,349,440,849
157,remote,260,492,300,550
157,chair,0,372,344,851
157,couch,-1,375,404,851
158,person,78,351,442,850
158,remote,261,493,301,552
158,chair,-1,373,340,851
159,person,77,351,446,850
159,remote,262,494,302,551
159,chair,-1,373,334,851
159,couch,0,376,377,851
160,person,77,350,446,851
160,remote,263,495,303,552
160,couch,0,376,411,851
160,chair,0,373,360,851
161,person,75,349,443,850
161,remote,264,495,304,552
161,couch,0,377,424,851
161,chair,0,373,371,851
162,person,74,350,446,850
162,remote,264,496,302,552
162,couch,0,377,402,851
162,chair,0,373,340,851
163,person,71,352,445,850
163,remote,270,496,302,551
163,couch,-1,378,391,851
163,chair,-1,374,337,851
164,person,68,351,440,850
164,remote,270,496,302,552
164,chair,-1,374,341,851
164,couch,0,378,383,851
165,person,65,349,436,850
165,remote,270,496,299,551
165,couch,0,379,373,852
165,chair,-1,375,338,851
166,person,60,342,444,849
166,remote,266,495,296,552
166,chair,-1,378,336,851
167,person,60,340,439,850
167,remote,265,495,293,549
167,couch,0,381,364,852
167,hair drier,314,334,435,503
167,chair,-1,378,333,851
168,person,57,330,437,850
168,remote,261,494,292,552
168,hair drier,310,324,417,497
168,couch,-1,382,382,851
168,chair,-1,380,336,851
169,person,53,320,438,850
169,remote,258,491,292,551
169,couch,-1,383,360,852
169,hair drier,306,315,414,490
169,chair,0,381,337,851
170,person,49,306,437,850
170,remote,256,490,291,547
170,chair,-1,382,338,851
170,couch,-1,383,366,852
170,hair drier,301,305,419,481
171,person,45,294,440,850
171,remote,254,489,290,544
171,couch,-1,382,346,851
171,chair,0,384,334,851
171,hair drier,296,296,416,472
172,person,43,287,439,850
172,remote,251,487,288,543
172,couch,-1,382,368,851
173,person,46,277,436,849
173,remote,249,484,288,540
173,couch,-1,382,400,851
173,hair drier,285,277,405,448
174,person,45,269,438,849
174,remote,247,482,289,538
174,hair drier,280,269,401,437
174,couch,-1,383,392,852
175,person,43,262,440,849
175,remote,245,480,289,535
175,hair drier,275,285,401,425
175,couch,-1,383,441,851
175,chair,0,383,444,851
176,person,43,255,446,849
176,remote,244,478,289,531
176,hair drier,270,288,403,413
176,chair,0,387,445,851
176,couch,-1,384,417,851
177,person,42,249,448,851
177,remote,243,475,290,531
177,chair,0,385,448,851
177,hair drier,263,295,402,403
177,couch,0,384,446,851
178,person,39,245,452,850
178,remote,242,471,291,530
178,chair,0,385,450,851
178,couch,0,385,447,851
179,person,42,242,456,851
179,remote,241,468,291,528
179,chair,0,390,453,851
179,couch,0,387,447,851
180,person,43,237,455,851
180,remote,239,463,291,520
180,chair,0,390,452,851
180,couch,0,390,450,851
181,person,42,233,450,851
181,remote,237,457,289,518
181,chair,0,400,455,851
181,couch,0,399,455,851
182,person,41,230,457,850
182,remote,233,453,287,513
182,chair,0,405,457,851
182,couch,0,403,454,851
182,person,461,433,479,482
183,person,41,228,454,850
183,remote,229,447,284,507
183,person,462,433,479,483
183,chair,0,410,462,850
183,couch,0,411,452,851
184,person,40,227,443,851
184,remote,223,443,280,500
184,chair,0,413,468,851
184,couch,0,413,458,851
184,remote,363,430,414,488
185,person,37,226,470,850
185,remote,220,440,276,498
185,chair,0,414,463,850
185,couch,0,415,446,851
186,person,35,225,468,850
186,remote,216,438,273,496
186,chair,0,414,459,850
187,person,33,225,471,851
187,remote,213,436,269,493
187,chair,1,415,461,851
188,person,33,228,441,851
188,remote,210,435,266,491
188,chair,0,419,469,851
189,person,30,226,470,850
189,remote,208,435,264,490
189,chair,0,417,448,851
189,cup,353,415,404,469
190,person,29,226,474,850
190,remote,206,435,262,491
190,chair,0,418,426,851
191,person,29,229,471,851
191,remote,205,437,261,492
191,chair,0,419,438,851
192,person,28,229,468,851
192,remote,206,440,261,496
192,chair,0,419,427,851
193,person,26,229,463,850
193,remote,209,445,262,505
193,chair,0,423,458,851
194,person,25,232,467,851
194,remote,214,451,268,511
194,chair,1,420,425,851
195,person,22,231,471,850
195,remote,219,458,266,521
195,cup,345,417,395,467
195,chair,1,420,431,850
196,person,21,233,473,850
196,remote,222,465,268,529
196,cup,344,419,393,468
196,hair drier,217,284,361,352
197,person,21,236,473,851
197,remote,223,470,268,532
197,cup,344,422,393,470
197,hair drier,217,287,359,352
198,person,21,237,471,851
198,remote,224,475,268,537
198,cup,344,424,393,474
198,chair,0,422,445,850
198,hair drier,215,291,357,352
199,person,22,238,474,850
199,remote,224,477,269,540
199,cup,344,427,392,476
200,person,23,241,474,851
200,remote,226,478,270,541
200,cup,343,429,389,478
200,hair drier,212,293,351,354
201,person,25,244,474,851
201,remote,228,478,271,541
201,cup,341,430,387,479
201,remote,341,430,387,479
202,person,25,244,473,851
202,remote,229,479,272,541
202,remote,339,431,385,478
202,chair,0,430,472,851
203,person,26,246,472,850
203,remote,231,478,274,541
203,cup,337,431,383,479
203,chair,0,425,474,850
203,remote,337,431,383,479
204,person,27,248,464,851
204,remote,233,478,276,541
204,remote,335,431,381,478
204,chair,0,430,474,851
205,person,27,248,474,850
205,remote,234,478,277,540
205,cup,333,430,378,478
205,hair drier,201,299,341,360
206,person,28,248,473,851
206,remote,235,478,279,539
206,cup,330,430,375,477
206,chair,0,427,473,850
206,remote,330,430,376,477
207,person,30,249,473,850
207,remote,237,478,280,537
207,cup,328,429,372,478
207,chair,0,427,473,850
208,person,31,250,474,851
208,remote,237,478,280,537
208,cup,325,430,371,477
208,chair,0,428,473,850
209,person,31,251,471,850
209,remote,238,477,280,537
209,cup,323,430,369,478
210,person,32,251,470,850
210,remote,238,477,281,536
210,chair,0,429,475,850
210,remote,321,431,367,478
211,person,34,251,473,850
211,remote,239,477,281,536
211,chair,0,428,474,850
211,remote,320,432,366,478
212,person,34,252,473,850
212,remote,240,478,281,537
212,cup,319,432,364,479
212,chair,0,428,474,850
213,person,34,252,474,850
213,remote,240,478,281,537
213,cup,318,433,363,480
214,person,34,252,473,850
214,remote,241,479,281,538
214,cup,317,434,362,481
214,chair,0,430,474,850
215,person,34,252,467,850
215,remote,242,480,282,539
215,remote,316,435,361,483
215,chair,-1,431,475,850
216,person,35,253,472,850
216,remote,243,483,282,542
216,chair,0,433,474,850
216,remote,316,437,362,486
217,person,36,254,468,850
217,remote,244,485,283,545
217,remote,316,439,361,487
218,person,36,254,468,850
218,remote,245,489,283,549
218,cup,316,442,363,489
219,person,37,255,457,850
219,remote,247,491,284,551
219,cup,318,445,363,494
220,person,37,256,459,850
220,remote,247,492,284,552
220,remote,320,447,365,497
221,person,38,257,440,850
221,remote,248,492,285,552
221,remote,323,450,367,499
222,person,39,257,441,850
222,remote,248,491,285,551
222,remote,324,452,367,501
222,couch,0,440,435,850
223,person,40,258,442,850
223,remote,248,490,286,550
223,remote,323,454,367,503
224,person,42,259,450,850
224,remote,250,489,287,548
224,remote,323,455,367,503
225,person,43,261,445,850
225,remote,250,489,288,546
225,remote,323,455,366,503
226,person,46,261,468,850
226,remote,322,455,366,504
226,remote,251,488,288,545
226,couch,-1,436,387,851
227,person,47,261,455,850
227,remote,322,456,365,505
227,remote,253,488,291,546
227,chair,-3,427,474,850
228,person,50,262,465,850
228,remote,322,456,365,505
228,remote,254,488,292,546
228,chair,-3,427,472,851
229,person,51,264,463,850
229,remote,321,457,365,506
229,remote,256,488,295,546
230,person,53,264,462,850
230,remote,259,489,296,548
230,remote,321,458,365,505
230,remote,303,458,365,528
231,person,55,265,459,850
231,remote,260,490,298,548
231,remote,318,459,363,508
231,remote,302,459,364,528
231,chair,0,426,349,851
232,person,56,266,458,850
232,remote,260,490,299,550
232,remote,301,460,364,529
232,remote,319,460,363,505
233,person,57,267,461,850
233,remote,261,491,301,550
233,remote,318,460,362,508
233,remote,298,461,362,533
234,person,58,267,454,850
234,remote,263,491,303,549
234,remote,318,461,361,509
234,chair,-3,417,460,851
235,person,60,267,450,850
235,remote,264,491,303,549
235,remote,317,462,360,509
236,person,63,267,440,850
236,remote,265,489,305,547
236,remote,317,463,359,508
236,chair,0,414,429,851
237,person,67,267,448,850
237,remote,267,486,307,546
237,person,453,405,478,499
237,remote,315,464,358,510
238,person,71,267,442,851
238,remote,270,484,309,543
238,person,452,405,478,499
238,remote,315,465,357,511
239,person,77,268,445,850
239,remote,272,481,312,536
239,person,449,404,478,499
240,person,83,267,441,850
240,remote,273,477,317,533
240,person,447,403,478,499
241,person,87,267,426,850
241,remote,276,472,322,528
241,person,444,402,478,499
242,person,90,267,439,851
242,remote,276,466,353,522
242,remote,277,468,325,521
242,person,442,402,478,499
242,chair,0,408,316,851
242,couch,-1,410,318,851
243,person,93,267,434,851
243,remote,276,464,326,517
243,person,439,400,478,500
243,remote,276,464,350,517
243,chair,0,408,318,851
244,person,96,267,432,851
244,remote,278,461,348,512
244,person,436,399,478,499
244,chair,0,407,313,851
244,remote,440,398,456,413
245,person,96,266,429,851
245,remote,278,457,346,509
245,chair,0,407,308,851
245,chair,177,732,317,851
245,person,434,395,478,498
246,person,95,266,429,851
246,remote,277,454,344,508
246,chair,0,406,305,851
246,remote,436,392,448,406
246,person,432,398,479,497
246,chair,175,731,315,851
247,person,93,266,427,851
247,remote,279,450,342,506
247,chair,0,406,294,851
248,person,92,265,424,851
248,remote,278,448,340,507
248,person,427,395,478,496
248,chair,0,406,293,851
248,chair,0,408,205,851
249,person,90,265,422,851
249,remote,278,447,338,507
249,person,425,397,478,498
249,chair,0,407,295,851
250,person,89,265,420,851
250,remote,276,446,335,503
250,person,423,383,478,497
250,chair,0,407,290,851
251,person,88,266,418,851
251,remote,273,446,335,504
251,person,421,383,478,497
251,chair,0,407,289,851
252,person,85,265,415,851
252,remote,270,446,332,504
252,person,419,381,478,497
252,chair,0,408,286,851
253,person,84,266,411,851
253,remote,264,448,329,503
253,person,417,381,478,497
253,chair,0,407,292,851
254,person,81,267,409,851
254,remote,259,449,325,502
254,chair,0,407,286,851
254,person,415,382,478,497
255,person,78,267,407,851
255,remote,253,450,322,500
255,person,413,382,478,497
255,chair,0,406,288,851
256,person,74,266,405,851
256,remote,247,451,318,499
256,person,410,384,478,496
256,chair,0,407,280,851
257,person,71,263,402,851
257,person,408,384,478,496
257,remote,242,452,315,498
257,laptop,412,367,477,413
257,chair,0,407,275,851
258,person,69,263,401,850
258,remote,239,454,289,501
258,remote,273,453,314,495
258,laptop,411,366,475,413
258,chair,0,407,276,851
258,person,407,395,478,494
258,remote,239,453,313,502
258,chair,0,409,182,851
259,person,65,261,399,850
259,remote,234,455,286,501
259,remote,270,451,311,495
259,remote,234,452,311,504
259,chair,0,407,276,851
259,chair,0,408,180,851
259,person,405,394,478,494
259,laptop,409,366,473,412
260,person,60,260,395,850
260,remote,268,450,309,489
260,laptop,407,365,472,411
260,remote,230,456,282,503
260,chair,0,407,276,851
260,cell phone,464,582,479,599
260,person,403,396,478,493
260,chair,0,408,179,851
261,person,55,259,397,850
261,remote,226,457,278,506
261,remote,266,449,308,490
261,person,401,388,478,493
261,laptop,405,365,470,411
261,cell phone,463,582,479,600
261,chair,-1,409,277,851
261,microwave,0,0,46,30
262,person,51,259,397,850
262,remote,264,448,305,489
262,person,400,386,478,493
262,remote,223,458,274,507
262,chair,0,408,274,851
262,laptop,404,365,468,411
262,cell phone,462,581,479,599
263,person,47,258,395,850
263,remote,261,448,303,488
263,person,398,383,479,492
263,remote,219,459,270,509
263,laptop,402,364,467,411
263,car,422,0,478,113
263,chair,-1,407,273,851
263,chair,0,409,175,851
264,person,43,258,395,850
264,remote,259,447,301,487
264,person,396,383,479,492
264,chair,0,409,174,851
264,bowl,216,460,266,509
265,person,40,258,392,850
265,person,395,381,479,491
265,remote,256,446,298,486
265,remote,211,461,263,509
265,chair,0,407,272,851
265,chair,0,409,172,851
266,person,35,257,392,851
266,person,393,376,478,491
266,cup,207,461,259,511
266,remote,254,445,295,485
266,chair,0,409,170,851
267,person,32,257,389,851
267,person,391,375,478,490
267,cup,251,444,293,485
267,remote,251,444,293,485
267,cup,204,461,256,511
267,laptop,396,363,460,409
267,chair,0,410,169,851
268,person,29,257,388,851
268,laptop,395,363,458,409
268,remote,248,442,291,483
268,person,390,333,478,489
268,chair,0,410,168,851
268,remote,200,461,252,509
268,chair,0,410,270,851
269,person,26,257,387,851
269,laptop,393,363,457,408
269,remote,245,441,288,482
269,person,390,331,478,490
269,chair,140,723,275,851
269,chair,0,411,166,851
269,chair,0,411,267,851
270,person,24,256,386,851
270,person,388,328,478,488
270,remote,243,440,287,482
270,laptop,392,362,456,408
270,remote,194,459,245,504
270,chair,0,412,265,851
270,chair,0,413,165,851
270,chair,139,723,272,851
271,person,21,255,384,851
271,person,386,323,479,489
271,remote,190,456,242,501
271,remote,242,439,284,480
271,laptop,390,362,455,408
271,chair,137,721,267,851
271,chair,0,413,164,851
271,chair,0,410,259,851
272,person,19,255,382,851
272,person,384,321,478,487
272,laptop,389,361,453,408
272,remote,240,437,282,478
272,remote,187,454,239,500
273,person,18,254,379,851
273,person,384,319,479,488
273,laptop,387,361,451,407
273,cup,184,452,236,499
273,cup,239,435,281,477
273,dining table,354,481,479,694
273,chair,0,411,259,851
274,person,16,254,378,851
274,person,382,319,479,487
274,laptop,386,361,449,407
274,cup,237,434,280,474
274,remote,181,450,234,494
274,chair,0,412,380,851
274,dining table,352,481,479,694
274,chair,134,721,262,851
274,cup,181,450,234,494
274,remote,238,434,280,474
275,person,15,254,375,851
275,person,381,318,479,487
275,laptop,385,360,448,407
275,cup,236,432,279,471
275,remote,179,449,232,491
275,chair,134,720,262,851
275,dining table,351,481,479,693
275,chair,0,414,159,851
276,person,14,254,377,851
276,person,380,318,479,485
276,laptop,384,360,447,406
276,cup,234,430,277,470
276,dining table,350,480,479,691
276,chair,133,720,261,851
277,person,14,254,377,851
277,person,379,318,479,485
277,laptop,382,360,447,406
277,dining table,350,480,479,691
277,cup,232,428,277,469
277,remote,178,448,230,491
278,person,13,254,376,851
278,person,378,316,479,484
278,remote,178,448,231,492
278,laptop,381,359,446,405
278,cup,232,426,276,467
278,dining table,349,480,479,691
279,person,12,255,375,851
279,person,377,317,479,484
279,laptop,381,359,445,405
279,remote,178,448,231,493
279,cup,230,425,275,466
279,dining table,349,479,479,690
280,person,12,255,377,851
280,person,376,316,479,483
280,remote,179,450,232,495
280,laptop,380,359,444,405
280,cup,229,424,275,464
281,person,12,255,377,851
281,person,375,316,479,483
281,laptop,379,359,444,405
281,remote,180,451,232,497
281,cup,229,424,275,465
281,dining table,349,479,479,690
281,chair,0,413,157,851
281,chair,130,720,261,851
282,person,12,255,377,851
282,person,374,315,479,482
282,remote,181,453,233,498
282,laptop,379,358,443,405
282,cup,228,424,275,465
283,person,12,255,376,851
283,person,374,314,479,482
283,remote,181,454,233,501
283,cup,228,424,274,465
283,laptop,378,358,441,405
283,dining table,348,479,479,690
284,person,11,255,376,851
284,person,373,314,479,482
284,cup,228,424,274,466
284,remote,181,454,233,501
284,laptop,377,358,441,404
284,dining table,348,479,479,689
284,chair,0,409,250,851
285,person,11,255,376,851
285,person,373,313,478,483
285,cup,228,425,274,466
285,remote,181,454,233,501
285,dining table,347,478,479,688
285,chair,129,719,259,851
285,chair,0,408,250,851
286,person,11,255,376,851
286,person,372,313,478,482
286,cup,228,425,273,467
286,remote,181,453,233,500
286,dining table,346,478,479,688
286,chair,128,719,259,851
286,chair,-1,408,253,851
287,person,11,254,374,851
287,person,372,313,478,482
287,cup,228,425,273,468
287,remote,181,452,232,498
287,chair,128,719,260,851
287,chair,0,411,156,851
288,person,12,254,376,851
288,person,371,312,478,481
288,cup,226,426,272,468
288,remote,180,451,233,498
288,chair,0,410,155,851
288,dining table,346,477,479,687
289,person,12,254,375,851
289,person,371,312,478,481
289,cup,226,426,271,469
289,remote,180,449,233,498
289,dining table,346,477,479,687
289,chair,0,406,252,851
290,person,12,253,375,851
290,person,371,312,478,481
290,cup,225,426,271,469
290,remote,180,448,233,497
290,chair,0,406,252,851
290,dining table,346,477,479,686
290,chair,0,409,155,851
291,person,12,253,374,851
291,person,371,311,478,481
291,cup,225,426,270,467
291,remote,180,448,233,496
291,chair,0,406,249,851
291,chair,129,719,259,851
292,person,12,253,375,851
292,person,371,311,478,481
292,cup,225,426,269,468
292,remote,181,447,233,495
292,chair,0,406,249,851
292,laptop,374,356,437,402
293,person,12,253,374,851
293,person,371,311,478,481
293,cup,224,427,268,467
293,remote,181,447,234,496
293,chair,0,406,248,851
294,person,11,253,374,851
294,person,370,311,478,480
294,cup,224,427,268,470
294,cup,182,447,234,497
294,chair,-1,408,248,851
295,person,11,253,375,851
295,person,370,311,478,480
295,cup,224,428,269,470
295,cup,182,448,234,497
295,chair,0,406,249,851
296,person,11,253,375,851
296,person,370,311,478,480
296,cup,224,429,269,471
296,cup,183,448,235,498
296,chair,0,406,249,851
297,person,11,253,374,851
297,person,370,310,478,480
297,cup,224,429,269,472
297,cup,183,449,235,499
297,chair,0,406,249,851
298,person,11,253,376,851
298,person,370,310,478,479
298,cup,224,430,268,471
298,cup,182,449,235,499
298,laptop,373,355,437,401
298,chair,0,407,252,851
299,person,11,253,376,851
299,person,369,310,478,479
299,cup,224,430,268,472
299,cup,182,450,234,499
299,laptop,373,355,436,401
299,chair,-1,409,249,851
299,chair,129,718,258,851
300,person,11,253,373,851
300,person,371,308,478,478
300,cup,224,430,268,473
300,cup,182,450,234,499
300,laptop,373,355,436,401
300,chair,0,407,155,851
301,person,11,252,374,851
301,person,371,308,478,478
301,cup,224,430,268,472
301,cup,180,449,233,498
301,laptop,373,355,436,400
301,chair,0,407,154,851
302,person,11,252,375,851
302,person,371,308,478,478
302,cup,224,429,268,472
302,cup,179,449,232,498
302,laptop,373,355,436,400
302,chair,0,407,155,851
303,person,10,252,375,851
303,person,371,308,478,478
303,cup,224,429,268,471
303,cup,178,448,231,496
303,laptop,373,355,436,400
304,person,10,252,375,851
304,person,371,308,478,478
304,cup,224,429,268,472
304,cup,177,448,231,495
304,laptop,373,354,436,400
305,person,10,252,376,851
305,person,371,308,478,477
305,cup,224,429,268,471
305,laptop,373,354,436,400
305,chair,129,717,257,851
305,chair,0,407,155,851
306,person,11,252,376,851
306,person,371,308,478,477
306,cup,224,429,268,471
306,laptop,374,354,437,399
306,cup,223,429,268,501
306,cup,176,448,228,494
306,chair,129,717,258,851
307,person,11,252,376,851
307,person,371,308,478,477
307,cup,224,429,268,471
307,cup,176,448,228,496
307,laptop,374,354,437,399
307,cup,223,429,268,501
308,person,11,252,377,851
308,person,372,307,478,477
308,cup,224,429,268,471
308,cup,175,447,228,497
308,laptop,374,354,437,399
308,cup,223,428,268,501
308,dining table,347,474,479,682
309,person,10,251,377,851
309,person,372,307,478,477
309,cup,223,428,268,471
309,laptop,374,354,437,399
309,cup,175,447,228,498
309,cup,222,428,268,501
309,chair,0,407,156,851
309,dining table,347,473,479,682
310,person,10,252,377,851
310,person,372,307,478,477
310,cup,223,428,268,470
310,laptop,374,353,437,399
310,cup,175,447,227,497
310,cup,222,428,268,501
310,chair,0,406,247,851
310,dining table,347,473,479,682
311,person,10,251,377,851
311,person,372,307,478,476
311,cup,223,428,267,470
311,laptop,374,353,438,398
311,cup,175,447,227,497
311,dining table,347,473,478,681
311,cup,222,428,268,501
311,chair,0,406,247,851
311,chair,0,407,156,851
312,person,9,251,377,851
312,person,372,306,478,476
312,cup,222,428,267,469
312,cup,175,447,227,494
312,laptop,374,353,438,398
312,dining table,346,472,478,680
312,chair,0,405,246,851
313,person,8,250,377,851
313,person,372,306,478,475
313,cup,222,427,266,470
313,cup,175,447,227,495
313,laptop,374,352,438,398
313,chair,0,405,246,851
313,dining table,346,472,478,680
314,person,8,250,377,851
314,person,372,306,478,475
314,cup,222,427,266,470
314,laptop,374,352,438,398
314,cup,175,447,228,494
314,chair,0,405,245,851
314,dining table,346,472,478,680
315,person,8,250,377,851
315,person,372,306,478,475
315,cup,222,427,267,470
315,laptop,374,352,438,398
315,chair,0,405,247,851
315,dining table,346,471,478,680
316,person,8,250,377,851
316,person,372,305,478,475
316,cup,222,428,268,469
316,laptop,375,352,439,397
316,cup,176,448,228,494
316,dining table,346,471,478,679
316,chair,0,405,245,851
317,person,8,250,379,851
317,person,373,305,478,475
317,cup,223,428,268,470
317,laptop,375,352,439,397
317,cup,176,448,228,493
317,dining table,347,471,478,679
317,chair,130,715,256,851
318,person,8,250,379,851
318,person,373,305,478,475
318,cup,224,428,268,470
318,cup,177,448,228,494
318,dining table,347,471,478,680
318,laptop,375,352,439,397
318,chair,130,715,256,851
318,chair,0,406,249,851
318,chair,0,408,156,851
319,person,9,250,379,851
319,person,373,305,478,475
319,cup,224,428,269,470
319,cup,177,448,229,494
319,laptop,375,351,439,397
319,chair,131,715,257,851
319,dining table,348,471,478,679
319,chair,0,408,157,851
320,person,10,250,379,851
320,person,374,305,478,474
320,cup,225,428,269,471
320,cup,177,447,230,494
320,laptop,376,351,440,397
320,dining table,348,471,478,679
320,chair,0,406,250,851
320,chair,132,715,258,851
321,person,10,250,380,851
321,person,374,305,478,474
321,cup,225,428,270,471
321,laptop,376,351,440,397
321,cup,178,447,230,494
321,chair,133,715,260,851
321,dining table,349,471,479,680
321,chair,0,408,157,851
322,person,10,250,380,851
322,person,374,305,478,474
322,cup,225,428,270,471
322,laptop,377,351,441,396
322,cup,178,447,230,494
322,chair,133,714,261,851
322,dining table,349,470,479,679
322,chair,0,408,158,851
323,person,11,250,381,851
323,person,375,305,478,474
323,cup,226,428,271,471
323,laptop,377,351,441,396
323,cup,179,447,231,494
323,chair,133,715,262,851
323,chair,0,408,158,851
323,dining table,350,470,479,680
324,person,11,250,381,851
324,person,375,305,478,474
324,laptop,377,351,442,396
324,cup,226,428,271,471
324,cup,179,447,231,495
324,chair,133,714,262,851
324,chair,0,406,254,851
324,dining table,350,470,479,679
324,chair,0,408,158,851
325,person,11,250,382,851
325,person,375,304,478,474
325,laptop,378,351,443,396
325,cup,226,428,271,470
325,cup,179,447,232,495
325,chair,0,406,252,851
325,chair,134,715,262,851
326,person,11,250,382,851
326,person,376,304,478,473
326,laptop,378,350,443,396
326,cup,227,428,271,470
326,cup,179,447,232,495
326,chair,133,714,264,851
326,chair,0,406,255,851
327,person,11,250,383,851
327,person,376,303,479,473
327,laptop,379,350,444,396
327,cup,227,428,271,470
327,cup,179,447,232,495
327,chair,134,715,266,851
327,chair,0,406,257,851
328,person,12,250,382,851
328,person,377,303,479,473
328,laptop,379,350,444,395
328,cup,227,428,271,470
328,cup,179,447,232,495
328,chair,0,406,253,851
328,chair,134,714,265,851
329,person,12,249,383,851
329,person,377,303,479,472
329,laptop,379,350,444,395
329,cup,179,447,232,495
329,cup,227,427,271,469
329,chair,0,406,254,851
329,chair,134,714,265,851
330,person,12,247,379,851
330,person,377,303,479,472
330,laptop,379,350,445,395
330,cup,178,447,231,495
330,cup,227,427,271,469
330,chair,0,406,255,851
331,person,12,249,383,851
331,person,377,303,479,472
331,laptop,379,350,445,395
331,cup,177,446,230,495
331,cup,227,427,271,469
331,chair,0,406,256,851
331,chair,134,715,266,851
331,dining table,350,469,479,677
332,person,12,249,383,851
332,person,377,302,479,472
332,laptop,380,350,445,395
332,cup,227,426,271,469
332,cup,176,445,229,492
332,chair,134,715,265,851
332,dining table,350,469,479,676
332,chair,0,405,256,851
333,person,12,249,383,851
333,person,378,302,479,472
333,laptop,380,349,445,395
333,cup,227,426,271,469
333,chair,135,714,268,851
333,chair,0,405,258,851
334,person,12,249,384,851
334,person,379,302,479,472
334,laptop,380,349,445,395
334,cup,228,426,272,469
334,chair,136,714,269,851
334,chair,0,405,262,851
334,remote,176,444,229,489
335,person,12,249,384,851
335,person,379,302,479,472
335,cup,228,426,272,468
335,laptop,381,349,445,395
335,remote,176,444,228,486
335,chair,137,714,269,851
335,chair,0,405,262,851
336,person,13,249,386,851
336,person,379,302,479,472
336,laptop,381,349,446,395
336,cup,228,427,273,468
336,remote,176,444,228,487
336,chair,137,714,269,851
336,chair,0,405,264,851
337,person,13,249,386,851
337,person,379,302,479,472
337,laptop,381,349,446,395
337,cup,228,427,273,468
337,remote,177,444,229,487
337,chair,137,713,270,851
337,chair,0,405,266,851
338,person,14,248,386,851
338,person,380,302,479,472
338,laptop,382,349,447,395
338,remote,177,444,229,488
338,cup,229,426,273,468
338,chair,138,713,271,851
338,chair,0,405,269,851
339,person,14,246,385,851
339,person,380,302,479,472
339,laptop,382,349,447,395
339,remote,178,444,230,489
339,cup,229,426,273,468
339,chair,138,714,271,851
339,chair,0,405,269,851
340,person,14,248,386,851
340,person,380,302,479,472
340,laptop,382,349,447,395
340,cup,230,426,274,468
340,remote,178,445,231,490
340,chair,139,713,271,851
340,chair,0,405,268,851
341,person,15,248,387,851
341,person,381,302,479,472
341,cup,230,427,274,468
341,laptop,382,349,448,394
341,remote,180,445,232,490
341,chair,139,713,272,851
341,chair,0,405,266,851
342,person,15,248,387,851
342,person,381,302,479,472
342,cup,230,426,274,467
342,laptop,383,349,448,394
342,remote,181,445,234,491
342,chair,140,713,272,851
342,chair,0,405,268,851
343,person,16,248,387,851
343,person,381,302,479,472
343,laptop,383,348,448,394
343,cup,230,426,274,467
343,remote,181,445,234,493
343,chair,140,713,273,851
343,chair,0,404,266,851
343,dining table,355,468,479,675
344,person,16,248,388,851
344,person,382,302,479,471
344,laptop,384,348,448,394
344,cup,231,426,275,468
344,remote,182,445,234,493
344,chair,0,405,266,851
344,chair,141,713,273,851
345,person,16,248,388,851
345,person,382,302,479,471
345,cup,231,426,275,468
345,laptop,384,348,448,394
345,remote,182,445,235,492
345,chair,0,405,267,851
345,chair,141,712,274,851
345,cup,182,445,235,493
346,person,17,248,388,851
346,person,383,303,479,471
346,cup,232,426,276,468
346,laptop,384,348,449,394
346,remote,183,445,235,492
346,chair,0,405,272,851
346,chair,142,712,274,851
346,chair,0,406,165,851
347,person,17,249,388,851
347,person,383,303,479,471
347,cup,232,426,276,468
347,laptop,384,348,449,395
347,remote,184,445,235,492
347,chair,143,712,274,851
347,chair,0,405,272,851
347,chair,0,406,166,851
347,cup,184,445,236,493
348,person,18,249,389,851
348,person,384,303,479,471
348,cup,232,426,277,468
348,laptop,384,348,450,395
348,chair,143,712,275,851
348,remote,185,445,236,492
348,chair,0,406,269,851
348,chair,0,406,166,851
349,person,19,247,389,850
349,person,385,304,479,471
349,cup,233,426,277,468
349,laptop,385,348,450,395
349,remote,186,445,236,491
349,chair,143,712,276,851
349,chair,0,406,167,851
349,chair,0,405,272,851
350,person,20,247,391,850
350,cup,233,426,279,468
350,person,385,304,479,470
350,laptop,385,348,450,394
350,remote,187,445,238,489
350,chair,144,712,276,851
350,chair,0,407,167,851
350,chair,0,406,270,851
351,person,21,247,391,850
351,cup,234,426,279,468
351,person,386,305,479,471
351,remote,187,445,238,491
351,laptop,386,348,451,395
351,chair,144,712,277,851
351,chair,0,407,168,851
351,chair,0,406,275,851
352,person,21,247,392,850
352,cup,235,426,279,469
352,person,386,305,478,470
352,laptop,387,348,452,394
352,remote,188,445,239,491
352,chair,0,407,169,851
352,chair,144,712,277,851
352,chair,0,406,277,851
353,person,22,247,393,850
353,person,387,306,479,471
353,cup,235,426,280,469
353,laptop,387,348,453,395
353,remote,188,445,239,492
353,chair,144,712,278,851
353,chair,0,407,169,851
353,chair,0,406,279,851
354,person,23,248,394,850
354,laptop,388,348,454,395
354,cup,236,426,280,469
354,person,387,306,478,470
354,chair,0,406,278,851
354,remote,189,445,240,492
354,chair,0,407,170,851
354,chair,144,711,277,851
355,person,24,248,393,850
355,person,387,308,479,471
355,laptop,389,348,455,395
355,cup,237,426,281,469
355,remote,189,446,241,493
355,chair,0,407,170,851
355,chair,145,712,278,851
355,chair,0,406,279,851
356,person,24,248,394,850
356,person,388,311,479,472
356,laptop,389,348,455,395
356,cup,239,426,282,468
356,remote,190,446,242,492
356,chair,0,407,172,851
356,chair,146,712,279,851
357,person,26,249,396,850
357,person,388,311,478,472
357,laptop,390,348,456,395
357,remote,190,447,242,492
357,cup,239,426,283,468
357,chair,0,407,172,851
357,chair,146,712,280,851
357,chair,0,407,281,851
358,person,26,249,397,850
358,remote,191,447,243,493
358,person,389,314,478,472
358,laptop,390,348,456,395
358,cup,240,426,284,468
358,chair,0,407,280,851
358,chair,0,408,172,851
359,person,27,249,397,850
359,remote,191,447,243,494
359,laptop,391,348,457,395
359,person,389,316,478,472
359,cup,241,426,284,468
359,chair,0,406,278,851
359,chair,0,406,173,851
359,chair,147,712,279,851
360,person,27,249,398,850
360,cup,242,426,285,468
360,remote,193,447,244,495
360,laptop,392,349,458,395
360,person,390,316,478,472
360,chair,0,406,175,851
360,chair,0,405,278,851
360,chair,148,712,280,851
361,person,28,248,398,850
361,cup,242,426,285,468
361,laptop,393,349,458,395
361,person,391,318,478,472
361,remote,193,447,244,495
361,chair,0,404,278,851
361,chair,0,406,176,851
361,chair,148,713,280,851
362,person,29,248,399,850
362,cup,243,426,286,468
362,laptop,393,349,459,395
362,remote,194,447,245,496
362,person,391,318,479,472
362,chair,0,405,276,851
362,chair,0,406,175,851
363,person,29,248,400,850
363,cup,243,426,286,468
363,remote,194,447,246,495
363,person,392,319,478,472
363,laptop,394,349,460,395
363,chair,0,405,275,851
363,laptop,367,469,479,677
363,chair,0,407,175,851
364,person,30,248,401,850
364,remote,195,447,246,494
364,cup,244,426,287,468
364,laptop,395,349,461,395
364,chair,0,404,275,851
364,person,393,319,478,472
364,laptop,367,469,479,678
365,person,31,249,401,850
365,cup,244,426,287,468
365,remote,196,446,247,493
365,chair,0,405,277,851
365,laptop,396,349,461,395
365,chair,0,407,177,851
366,person,31,248,402,850
366,remote,197,447,248,492
366,cup,245,426,289,468
366,chair,0,406,277,851
366,laptop,397,349,462,395
366,chair,151,713,281,851
366,chair,0,407,177,851
367,person,32,249,403,850
367,cup,246,427,289,469
367,remote,197,447,249,492
367,person,395,363,478,474
367,chair,0,406,279,851
367,chair,0,407,179,850
367,chair,152,713,283,851
368,person,33,249,403,850
368,cup,246,427,291,469
368,laptop,398,350,465,396
368,remote,198,447,249,493
368,person,396,364,479,474
368,chair,0,406,279,851
368,chair,153,713,283,851
369,person,34,249,403,850
369,cup,248,427,291,470
369,laptop,400,350,466,396
369,person,397,364,479,475
369,remote,199,447,250,493
369,chair,0,407,283,851
369,cell phone,460,560,479,576
370,person,34,249,405,850
370,remote,199,447,250,494
370,cup,249,427,292,469
370,laptop,400,350,466,396
370,person,399,371,478,474
370,cell phone,462,560,479,576
370,laptop,372,471,479,679
370,chair,0,406,323,851
371,person,36,249,406,850
371,person,400,373,478,475
371,laptop,401,350,467,397
371,remote,200,447,251,493
371,cup,249,427,293,469
371,cell phone,462,560,479,576
371,laptop,373,470,479,679
371,chair,0,407,282,851
372,person,37,249,407,851
372,cup,250,427,294,469
372,person,401,373,478,474
372,remote,200,448,252,492
372,cell phone,463,561,479,577
372,laptop,402,350,468,397
372,chair,0,407,280,851
372,laptop,374,471,479,680
373,person,39,249,409,850
373,cup,251,427,295,470
373,cell phone,464,561,479,577
373,person,401,374,478,475
373,laptop,403,350,469,397
373,remote,201,448,253,494
373,chair,0,406,281,851
374,person,39,249,409,850
374,cup,252,428,295,470
374,remote,202,448,254,497
374,person,402,374,478,475
374,laptop,375,471,478,680
374,chair,0,406,282,851
374,laptop,404,350,470,398
375,person,41,249,409,850
375,cup,253,428,297,470
375,remote,203,448,255,497
375,dining table,376,471,479,681
375,chair,0,406,407,851
375,chair,0,406,283,851
375,laptop,376,472,478,680
376,person,42,249,411,850
376,cup,254,428,298,470
376,remote,204,448,256,496
376,dining table,378,472,479,682
376,chair,0,407,281,851
377,person,43,249,411,851
377,cup,255,428,299,470
377,remote,205,449,257,497
377,person,405,374,478,475
377,chair,0,407,282,851
378,person,43,249,413,851
378,cup,256,429,300,470
378,remote,206,449,258,496
378,person,407,374,478,475
378,chair,0,408,282,851
378,chair,0,407,409,851
379,person,44,250,414,851
379,remote,207,449,259,496
379,cup,257,429,301,470
379,person,408,375,478,475
379,chair,0,407,282,851
380,person,45,250,415,851
380,remote,208,450,260,495
380,cup,258,429,302,471
380,person,409,374,478,476
380,chair,0,408,282,851
381,person,46,251,415,851
381,cup,259,429,304,471
381,remote,209,450,261,496
381,person,410,374,478,476
381,chair,0,406,412,851
381,chair,-1,407,282,851
382,person,47,251,416,851
382,remote,211,450,262,497
382,person,411,375,478,477
382,cup,261,430,305,472
382,chair,0,406,416,851
383,person,48,251,418,851
383,remote,212,451,263,499
383,cup,262,430,306,473
383,person,412,376,478,477
383,chair,-1,407,283,851
383,chair,0,406,416,851
384,person,50,251,419,851
384,remote,213,451,265,499
384,cup,264,431,308,473
384,person,414,375,478,478
384,chair,-1,407,285,851
385,person,52,252,419,851
385,cup,265,431,308,473
385,cup,215,452,266,499
385,remote,215,452,266,500
385,couch,-1,407,295,851
385,person,416,376,478,479
385,hair drier,126,265,262,334
385,chair,-4,406,425,851
386,person,54,252,423,851
386,cup,267,431,311,474
386,remote,218,452,269,500
386,person,418,377,478,479
386,couch,-1,409,293,852
386,cup,266,431,311,498
386,chair,0,407,285,851
387,person,57,250,422,851
387,cup,269,432,312,474
387,person,420,377,478,479
387,remote,219,453,271,500
387,chair,-1,409,425,851
387,hair drier,131,265,267,334
388,person,59,251,426,851
388,cup,271,432,315,476
388,person,422,378,478,479
388,chair,0,408,298,851
388,cup,222,454,274,501
389,person,61,251,428,851
389,cup,272,433,317,476
389,person,425,378,478,479
389,cup,224,454,277,501
389,chair,-1,409,427,851
389,cup,271,432,316,497
389,chair,-1,409,299,852
390,person,62,251,431,851
390,cup,273,433,318,475
390,cup,227,454,279,502
390,person,426,379,478,479
390,chair,-1,409,426,851
391,person,64,252,432,851
391,remote,228,455,280,503
391,cup,275,433,319,475
391,chair,-1,408,413,851
391,cup,229,454,281,503
392,person,65,252,433,851
392,cup,275,434,320,476
392,chair,-1,410,426,851
392,remote,230,455,281,502
392,cup,230,455,282,502
393,person,67,252,435,851
393,cup,276,434,321,477
393,chair,-1,411,430,851
393,remote,232,456,283,501
394,person,67,252,436,851
394,remote,232,456,285,502
394,chair,-1,410,431,851
394,cup,277,435,321,478
395,person,68,252,437,851
395,cup,277,435,322,479
395,chair,-1,410,429,851
396,person,69,252,437,851
396,cup,277,435,323,479
396,chair,-3,412,439,851
396,remote,235,457,287,503
397,person,71,253,439,851
397,cup,278,435,323,480
397,chair,0,410,437,851
397,hair drier,144,268,281,336
397,cup,277,435,324,503
398,person,72,253,440,851
398,cup,280,435,325,478
398,remote,238,457,288,504
398,chair,-1,411,436,851
399,person,73,253,440,851
399,cup,282,436,326,478
399,chair,0,411,438,851
399,remote,239,458,290,505
400,person,74,254,439,851
400,cup,282,436,327,478
400,remote,240,458,291,504
400,chair,0,411,441,851
401,person,75,254,443,851
401,cup,283,436,328,479
401,remote,241,459,292,505
401,chair,0,411,435,851
402,person,76,254,439,851
402,cup,284,437,329,480
402,remote,241,459,293,506
402,chair,0,412,436,851
403,person,76,255,443,851
403,cup,285,438,330,480
403,remote,242,460,294,507
403,chair,0,412,432,851
403,frisbee,242,460,294,507
404,person,76,257,445,851
404,cup,286,438,331,480
404,chair,0,414,419,851
404,remote,243,460,295,507
405,person,77,256,447,851
405,cup,286,438,331,480
405,chair,0,413,401,851
406,person,78,255,446,851
406,cup,286,438,332,481
406,remote,244,461,296,509
406,chair,-2,414,448,851
407,person,79,255,446,851
407,cup,287,439,332,481
407,remote,245,461,297,509
407,chair,-2,414,450,851
408,person,79,257,450,851
408,cup,288,439,333,481
408,remote,246,461,298,509
408,chair,196,725,329,851
409,person,81,256,445,851
409,cup,289,439,334,481
409,remote,246,461,298,510
409,chair,0,413,393,851
